{
  "pokedex": [
    {
      "pokedexId": 568,
      "name": "Miamiasme",
      "type": [
        {
          "name": "Poison",
          "image": "https://static.wikia.nocookie.net/pokemongo/images/0/05/Poison.png"
        }
      ],
      "stats": {
        "HP": 50,
        "attack": 50,
        "defense": 62,
        "special_attack": 40,
        "special_defense": 62,
        "speed": 65
      },
      "image": "https://raw.githubusercontent.com/PokeAPI/sprites/master/sprites/pokemon/other/official-artwork/568.png",
      "sprite": "https://raw.githubusercontent.com/PokeAPI/sprites/master/sprites/pokemon/568.png",
      "ownerId": 1,
      "favoris": "",
      "comment": "",
      "id": 1
    }
  ]
}